"ID","sampling","latitud","longitude"
A379, transecto,39.224791,117.135488
A39, transecto,30.4752269,106.641749
A5275,cuadrante ,-23.8714093,-49.8024588
A564, transecto,25.49872,119.790168
A770, transecto,44.7695326,19.6480341
B451, transecto,-7.0240255,-76.1327924
B471, transecto,31.9428516,131.2959142
B653,cuadrante ,38.942367,117.059325
B689, transecto,-38.9126083,-67.976045
B718,cuadrante ,49.6005751,6.3670151
B9712,cuadrante ,14.5180441,121.0350642
B9732,cuadrante ,38.6640687,-8.9161487
C111, transecto,29.236985,110.66263
C4022, transecto,-9.771006,-76.6613239
C44329, transecto,25.99296,115.667678
C4A31, transecto,8.1154648,122.6663002
C50012, transecto,-13.7134562,-76.1841701
C5710, transecto,-8.6738819,115.2096864
C7970, transecto,26.695419,101.841707
C8174,cuadrante ,53.2065166,5.8271439
C8224, transecto,43.3625303,27.1255402
C8281,cuadrante ,12.6679167,123.9881642
C8461,cuadrante ,14.31865,120.765351
C8491, transecto,35.810038,111.379101
C93, transecto,41.1694718,75.8098141
D02, transecto,23.744617,102.674499
D0361,cuadrante ,51.6773339,5.0633742
D2272, transecto,38.822671,115.431228
D233, transecto,27.993828,120.699361
D267, transecto,56.0251274,37.4266991
D3131, transecto,49.1656853,16.7861155
D739, transecto,16.13422,101.04465
D7822,cuadrante ,49.467631,124.782276
D8941, transecto,37.2425649,111.8568586
E083,cuadrante ,-7.4983615,108.5870607
E083413,cuadrante ,-28.790754,32.100934
E093391, transecto,41.923103,124.960413
E10355,cuadrante ,23.168765,113.272777
E113519,cuadrante ,14.4712676,121.0441201
E133599, transecto,-0.9676533,-80.7089101
E27,cuadrante ,58.3374462,12.5693818
E702,cuadrante ,34.0181246,-5.0078451
E7524, transecto,35.3077846,51.7308724
F169, transecto,43.6943099,2.0376775
F17293,cuadrante ,48.048396,125.086804
F439,cuadrante ,32.142922,108.460743
F511, transecto,-27.9145782,-61.4014775
G32, transecto,-4.4505838,-38.0631455
G368,cuadrante ,47.1667317,9.5112002
G44321,cuadrante ,52.2415583,8.0495294
G472, transecto,29.6970749,106.6160052
G5622,cuadrante ,19.5889431,96.2595008
G733,cuadrante ,29.233038,56.6008972
H00,cuadrante ,52.96951,22.2607769
H02109,cuadrante ,45.1454765,17.9937204
H02865, transecto,30.42594,111.76053
H04222,cuadrante ,61.1699194,33.0828972
H04519, transecto,26.745704,118.469281
H04521,cuadrante ,45.7705013,15.9679074
H10523,cuadrante ,52.1894953,5.3961917
H15092,cuadrante ,54.0474092,38.404411
H15093, transecto,-3.8008893,103.3587288
H16139,cuadrante ,34.240577,101.123729
H2123, transecto,-1.259553,104.100502
H22, transecto,-6.918322,-78.127167
H3110, transecto,13.487968,-15.2648301
H3302,cuadrante ,49.8151822,19.3771749
H342, transecto,33.5914293,130.3917496
H35012,cuadrante ,-22.422971,-45.4602511
H35169,cuadrante ,52.2873032,76.9674023
H35179, transecto,13.13452,43.78636
H35723, transecto,15.9814118,120.8071339
H4053X0,cuadrante ,-7.5690727,110.8312777
H44391,cuadrante ,50.5884714,32.3875825
H4470, transecto,60.7651227,26.7869193
H472, transecto,40.6236334,-8.503294
H50, transecto,53.6091856,31.9594674
H50122, transecto,45.4347317,-73.1728734
H5252, transecto,41.3259342,-8.2754117
H5304, transecto,36.6425079,127.4954241
H53412, transecto,-3.6528013,32.1611288
H60553,cuadrante ,36.284107,100.620031
H6131, transecto,-6.3621916,106.8502879
H6990, transecto,48.7663087,2.4119232
H8102, transecto,11.1054336,42.3704744
H81313, transecto,41.0233069,80.2697382
H8390,cuadrante ,51.8417492,5.8715134
H910, transecto,16.7587537,96.2482149
H9552, transecto,55.7597032,37.6108925
H9553, transecto,42.24472,130.308899
I050,cuadrante ,41.0872247,-8.1084595
I25701,cuadrante ,-15.4353987,49.7392575
I33, transecto,36.6796146,136.8617092
I349, transecto,30.266872,118.400608
I5181,cuadrante ,35.66063,106.110673
I616, transecto,-5.7301845,105.6837789
I63432,cuadrante ,32.2048631,49.4453295
I6901, transecto,44.1675867,2.0308233
I69069,cuadrante ,-31.4531985,-64.1565402
I69234,cuadrante ,36.628305,101.765843
I70202, transecto,52.38342,-113.7853
I7029,cuadrante ,50.6140977,3.1244315
I70368,cuadrante ,-8.602068,116.195655
I7046,cuadrante ,-16.5043107,-71.3616546
I788,cuadrante ,26.337937,115.36319
I803,cuadrante ,23.1351485,-82.3695988
I82891,cuadrante ,-7.5630269,107.8998566
I83028,cuadrante ,15.5056823,-86.3478151
I87313,cuadrante ,39.9474817,116.4689261
I97110,cuadrante ,41.8345433,-8.5504434
I9764,cuadrante ,14.6531486,-88.8718935
I97790,cuadrante ,47.6252225,0.277316
J15, transecto,53.3062953,36.0446294
J158, transecto,5.093026,119.808662
J64,cuadrante ,-8.8231,121.0194
J684, transecto,40.1442308,45.2711048
J84841, transecto,51.9870165,20.9469662
J95850, transecto,30.372807,-91.1833043
J982, transecto,45.6747796,18.5702566
K05311,cuadrante ,-21.5679739,-45.7142063
K081, transecto,53.5511779,9.9641759
K08123,cuadrante ,54.6744703,20.1340172
K111, transecto,-7.106273,31.234619
K2950,cuadrante ,33.3107008,-111.8749872
K51519,cuadrante ,48.8276508,1.9697936
K551,cuadrante ,23.01472,89.43936
K5753,cuadrante ,-2.9014475,-40.8388865
K629,cuadrante ,7.0540231,125.6018728
K65, transecto,-6.8651955,106.5849256
K8062,cuadrante ,61.030613,42.4853941
L022,cuadrante ,49.6355347,-1.6272462
L02215, transecto,22.7675252,104.1059408
L02629, transecto,36.3046238,139.1386824
L23, transecto,55.706586,37.5186129
L305, transecto,31.50199,115.75596
L664,cuadrante ,45.9033267,4.934624
L730,cuadrante ,23.2033136,116.371665
L82, transecto,43.9307146,4.8743415
L89012,cuadrante ,-22.7485717,-46.8931368
L97512, transecto,29.454189,119.996847
M02322,cuadrante ,0.5883345,122.3334258
M0501,cuadrante ,-23.0821226,-52.4622155
M05052,cuadrante ,-3.2581112,-79.9553924
M0515, transecto,52.4127967,17.9186809
M05761, transecto,-6.17017,106.83139
M0621,cuadrante ,30.7959602,120.6060568
M06849, transecto,54.8775481,23.8906541
M0686,cuadrante ,38.9273849,-77.0125445
M0687, transecto,59.4527156,18.091186
M08971,cuadrante ,-3.4593888,-79.9668308
M1012,cuadrante ,18.9688054,105.0557415
M10311,cuadrante ,14.7596318,121.0589081
M17, transecto,24.066095,108.664778
M19219, transecto,50.133176,19.9262381
M1A211,cuadrante ,55.751248,37.785402
M202, transecto,42.41231,47.1792159
M2186, transecto,37.337302,114.120108
M23209, transecto,-21.4649748,-49.2246518
M24232,cuadrante ,24.546876,107.04219
M24652,cuadrante ,-8.5605,116.4792
M25359,cuadrante ,29.696323,115.439898
M3301, transecto,38.290338,-8.2274142
M3502,cuadrante ,-11.72447,-75.773888
M4105,cuadrante ,6.1747517,-75.5160235
M438X8, transecto,-5.8949347,-35.4343604
M456, transecto,27.208609,109.836669
M47016,cuadrante ,37.2418804,9.8738907
M4845XA, transecto,49.8445266,18.0838678
M50220, transecto,28.341795,103.816006
M5380, transecto,-6.9324984,106.9233176
M5410, transecto,49.5936213,13.1013031
M5413,cuadrante ,10.379923,-74.881979
M6001,cuadrante ,40.280218,-8.4788248
M61272,cuadrante ,14.9415552,-88.3263603
M6151, transecto,17.9835237,100.051784
M62469,cuadrante ,16.6500928,121.2238236
M6520, transecto,25.318672,119.105528
M6680,cuadrante ,-6.8238747,107.9195543
M6794,cuadrante ,1.4403744,125.1216524
M7084,cuadrante ,21.4674584,-71.1389101
M84331D, transecto,9.9886653,122.8148975
M84431,cuadrante ,45.090227,16.0189989
M84478P,cuadrante ,-6.9957759,112.5677183
M84478S, transecto,21.8727408,-79.8380778
M84563G, transecto,59.1280914,9.6693512
M84612S,cuadrante ,22.839541,114.807963
M84649D,cuadrante ,40.9557367,-8.5885858
M84663P,cuadrante ,-8.1233399,115.3389332
M84673A,cuadrante ,38.7099952,20.7141164
M850,cuadrante ,44.8178615,-0.2498116
M85462,cuadrante ,14.6511524,121.0314508
M856,cuadrante ,32.637546,109.003167
M85661, transecto,-0.789275,113.921327
M86049,cuadrante ,38.8822689,-77.142764
M87144,cuadrante ,-34.4023791,-70.8674411
M87221, transecto,-6.9136675,107.6200524
M87261,cuadrante ,32.637546,109.003167
M89061,cuadrante ,38.263746,114.644894
M89669,cuadrante ,34.5601745,-5.3710551
M90659, transecto,28.822415,112.206429
M90861,cuadrante ,-21.1661005,27.5143603
M92299, transecto,29.483344,-98.5207797
M9232, transecto,43.2496743,45.9860099
M93221,cuadrante ,50.5803842,30.0105737
M939,cuadrante ,27.646686,116.695522
M9742XD, transecto,-6.7917815,108.4187029
N006, transecto,40.5567316,-8.692591
N012,cuadrante ,48.1127929,11.5681872
N047, transecto,22.529403,103.93935
N35013, transecto,52.9152117,23.4961724
N35114,cuadrante ,22.9861757,-82.4102628
N472, transecto,48.120484,-1.695391
N482,cuadrante ,49.9451487,29.4560736
N4830, transecto,38.7470186,-90.2526163
N4831, transecto,31.270415,92.290535
N5231, transecto,-14.331296,-170.7269854
N768, transecto,49.549347,19.65954
N8189,cuadrante ,40.2365225,-8.5110798
N83312, transecto,13.7946714,5.2527741
N83332, transecto,53.4651358,25.4074899
N99524, transecto,-12.753316,45.2300515
O0380, transecto,9.9368373,123.9469641
O0383, transecto,-27.9715033,27.0319884
O0736,cuadrante ,-21.35188,-46.4970116
O09522,cuadrante ,40.420237,114.090867
O0962, transecto,13.415029,34.6248039
O09623,cuadrante ,28.379727,105.752775
O1405, transecto,9.4387872,-70.490794
O209,cuadrante ,-8.5211471,179.1961926
O2901, transecto,8.1642301,99.6756794
O30023,cuadrante ,2.0965805,-70.5264934
O3121X1, transecto,-6.4127,105.8625
O34212,cuadrante ,5.9,6.833333
O41122,cuadrante ,33.505152,112.423014
O411225,cuadrante ,13.1314524,102.2104821
O411419, transecto,36.792339,10.6295091
O418X90, transecto,34.976557,112.090859
O4290, transecto,55.9840531,37.1619979
O4591,cuadrante ,-21.4909206,-47.37045
O6014X2, transecto,22.654032,110.18122
O693XX5, transecto,51.3106091,21.2523841
O6982X1,cuadrante ,33.8430437,44.5219358
O7021,cuadrante ,40.1284892,-8.8575795
O896,cuadrante ,55.6833424,12.5616448
O99351, transecto,49.6738269,18.413937
O99830, transecto,45.1257987,19.2282876
O9A53,cuadrante ,31.189496,121.42185
P929, transecto,49.0580516,-122.4706669
Q064, transecto,-22.30275,-48.5755491
Q171, transecto,30.3776024,-81.5870604
Q2548, transecto,-19.7809492,-63.1973233
Q351,cuadrante ,47.0203676,-68.1435063
Q5111,cuadrante ,-6.3934005,-77.4859711
Q514, transecto,-3.3851176,-57.7146588
Q551, transecto,21.3872385,-158.0060986
Q7292, transecto,47.6849444,-122.2982224
Q803,cuadrante ,45.3250638,15.6962323
Q915,cuadrante ,62.5465831,65.628237
Q950, transecto,10.668154,125.042795
R011,cuadrante ,51.904635,-8.958931
R10826, transecto,47.6593594,-52.7383086
R201,cuadrante ,15.85,44.775
R2240,cuadrante ,38.552678,-90.3795438
R25,cuadrante ,42.5246357,87.5395855
R310,cuadrante ,14.6417626,104.1466046
R400,cuadrante ,40.6500061,69.9877879
R40234,cuadrante ,-31.5327537,27.7080133
R48, transecto,-46.3478987,168.0177331
R52, transecto,56.0895859,63.672798
R869,cuadrante ,19.6612408,-99.0795719
S00262,cuadrante ,14.2038203,121.1457666
S00532, transecto,49.3983782,15.5870415
S0086, transecto,33.423357,109.152893
S01119D,cuadrante ,22.993423,113.718807
S01142, transecto,18.0435607,100.1031202
S01152D,cuadrante ,56.5789712,85.1026739
S01349S,cuadrante ,-6.5752811,106.6939803
S01409, transecto,34.477861,110.084789
S01551D,cuadrante ,37.8322686,-25.145931
S0191, transecto,43.2374865,45.0503473
S0240EG,cuadrante ,-6.8622047,111.6051176
S0281,cuadrante ,41.618679,-8.3868747
S032XXS,cuadrante ,-2.7129174,102.8917556
S04811A, transecto,-7.2065356,108.7541564
S04899S,cuadrante ,40.7419285,-73.6833119
S0502XS, transecto,26.3448341,127.833984
S0510XD,cuadrante ,13.9062958,124.3040904
S061X0, transecto,27.522725,112.507849
S06301D, transecto,26.132433,-81.7951054
S06306, transecto,-0.819175,120.167297
S06321D,cuadrante ,50.9742202,18.2111759
S06323D, transecto,56.114128,101.186866
S06371D,cuadrante ,-28.4866323,-59.3540025
S06377S, transecto,50.0919002,21.3924958
S06378D, transecto,50.9621585,35.690669
S06826D, transecto,59.853262,17.6356163
S069X5D,cuadrante ,19.482042,-99.1985584
S1010XA,cuadrante ,48.9893868,16.9151793
S1080,cuadrante ,49.4303242,22.5942366
S1096XD, transecto,55.4203835,38.3673637
S11039A,cuadrante ,20.4463471,106.3365828
S12100,cuadrante ,60.1536833,15.196697
S122,cuadrante ,-23.1734868,-49.9783088
S12430A,cuadrante ,38.7,21.466667
S12601, transecto,-10.249091,-48.3242858
S12651,cuadrante ,-0.9411949,-79.2316042
S13101A,cuadrante ,52.4262274,17.4890829
S13180A, transecto,22.916134,114.1002135
S140,cuadrante ,31.7311971,117.2313179
S14124A,cuadrante ,9.7907348,-13.5147735
S14138, transecto,38.9568788,22.6437026
S15211D,cuadrante ,52.7374731,19.9917009
S20171S,cuadrante ,-41.3336941,173.1927874
S20172D,cuadrante ,43.516667,109.116667
S20371S, transecto,38.102348,114.772912
S20412S,cuadrante ,26.1534361,119.9306863
S21349, transecto,29.273357,47.9400154
S2311,cuadrante ,-6.6549447,111.1160864
S23133A,cuadrante ,59.464182,29.6278481
S248XXA,cuadrante ,49.740105,15.1060638
S25329, transecto,36.0821986,139.7249685
S27402A,cuadrante ,35.6706771,51.0227587
S29009D,cuadrante ,48.1735752,91.7678144
S2902,cuadrante ,32.010214,119.606439
S301XXD,cuadrante ,40.64278,19.65083
S3098XA, transecto,13.2551041,-59.5743195
S31020D,cuadrante ,9.9010414,-83.9977527
S31145, transecto,15.1089475,104.329829
S3133XD, transecto,45.7676321,15.6745822
S31605D, transecto,36.696506,114.203697
S31815A, transecto,-9.5899907,118.9907046
S32038,cuadrante ,43.4945737,5.8978018
S32139K, transecto,40.63181,122.526443
S32456S, transecto,55.0099537,39.0764494
S32482S,cuadrante ,50.3919,30.368267
S32611K, transecto,25.0329694,121.5654177
S330,cuadrante ,3.8144237,-76.247912
S33130S,cuadrante ,15.678696,104.1040204
S34112S, transecto,23.7247599,108.8076195
S35321S,cuadrante ,59.3635749,17.9932873
S35339,cuadrante ,7.18028,122.22028
S35414A,cuadrante ,3.9671435,103.40391
S3632XD, transecto,44.4466286,18.6510559
S36498A, transecto,12.8644915,121.4804504
S36513,cuadrante ,49.0285391,2.3236877
S36519S, transecto,16.1535575,-13.5032081
S3661, transecto,45.4225908,35.8206159
S3661XA, transecto,-19.3836846,47.4392352
S3693XD,cuadrante ,23.382145,109.56259
S37021D,cuadrante ,52.4594585,44.1998095
S3739, transecto,46.8311732,35.7512432
S37511A,cuadrante ,45.2235244,20.0319685
S3802, transecto,41.3899483,-8.3685941
S40869D,cuadrante ,27.9943858,-82.459481
S41049,cuadrante ,-7.4686612,-37.2746574
S41049S,cuadrante ,46.5884132,14.2652932
S41051A, transecto,-6.4610391,106.6989632
S42112A, transecto,29.162252,119.729415
S42113D,cuadrante ,29.402881,109.927743
S42156,cuadrante ,24.513025,117.647093
S42191A,cuadrante ,35.9329039,10.0219822
S42222S, transecto,23.498459,111.746261
S42264,cuadrante ,51.4090959,22.051777
S42264K,cuadrante ,39.800607,116.5079754
S42321D,cuadrante ,45.1433372,1.4739649
S42344A, transecto,-8.0023449,-78.3095598
S42391K, transecto,41.226934,-8.3815652
S42446P,cuadrante ,38.308683,101.588353
S4246, transecto,-15.4601506,-69.4355341
S43023S,cuadrante ,14.5910759,121.0191013
S43083S, transecto,8.2545666,124.5716112
S43311S,cuadrante ,50.1745286,12.6598918
S4452XD, transecto,53.7074084,18.9597308
S45011S, transecto,5.8415399,-5.3625516
S45119A,cuadrante ,2.7991084,44.0793911
S45211, transecto,30.41,19.57
S45391S, transecto,15.3098003,119.9994908
S46301A,cuadrante ,-6.663164,106.7289847
S48019D, transecto,5.634202,-73.323263
S49039, transecto,-16.4078661,-49.1828385
S49109P,cuadrante ,46.4054155,16.4201451
S49121D,cuadrante ,-6.664163,111.5811123
S50902S,cuadrante ,50.5837638,34.4904643
S51,cuadrante ,-7.5690727,110.8312777
S51832A, transecto,15.868716,120.3920116
S52011K, transecto,37.347409,115.965874
S52012,cuadrante ,7.29417,125.62583
S52021B, transecto,43.7883496,4.9548261
S52036C,cuadrante ,45.8367628,5.2900333
S52042F,cuadrante ,19.2000657,-98.8016731
S52102R, transecto,49.5474598,16.2620907
S52122J,cuadrante ,-14.1700712,31.1710389
S52124A,cuadrante ,-19.1813272,-65.0008536
S52126G,cuadrante ,59.0953369,10.2246608
S52132D, transecto,59.6267758,16.4656297
S52134E,cuadrante ,10.3291793,123.8864493
S52222J, transecto,-8.1485516,115.0983069
S52222P, transecto,45.97927,-81.9248
S52224N,cuadrante ,45.0428681,3.8924136
S52226N, transecto,-32.9057716,-60.6869017
S52236B,cuadrante ,-7.1056569,107.9005972
S52254S,cuadrante ,35.579427,109.262961
S52261A, transecto,23.276324,113.57676
S52262B,cuadrante ,41.707342,-8.3509957
S52263P,cuadrante ,18.3381615,-99.5485736
S52279S,cuadrante ,11.2367,123.2062
S52299P, transecto,-33.6861588,-71.2166838
S52302F, transecto,37.0939437,-8.2461254
S52323C, transecto,-18.3591857,-44.6254642
S52331F, transecto,50.4868505,17.5957117
S52335N, transecto,13.9686682,120.7285858
S52344C, transecto,13.45529,43.94704
S52362A, transecto,-4.4375425,102.9090191
S52381J, transecto,22.533012,113.930475
S52511D, transecto,47.2299246,39.7503269
S52514P, transecto,36.58838,38.29788
S52514S,cuadrante ,29.685532,114.799355
S52515C,cuadrante ,-28.8455312,-51.8913473
S52531E, transecto,8.0275138,79.8367828
S52612,cuadrante ,33.267964,116.557663
S5291XP, transecto,-6.9661,111.3769
S53091D,cuadrante ,-11.6110008,43.2853868
S53142D,cuadrante ,29.278608,108.098075
S53191A, transecto,43.9235435,2.141706
S53409,cuadrante ,32.959602,110.998005
S53439A, transecto,14.6355044,121.016279
S5500,cuadrante ,49.5206119,6.0453754
S56114,cuadrante ,23.0664459,113.1964636
S56192S, transecto,51.3104211,17.0632716
S56492S,cuadrante ,-6.8008183,107.1781769
S5700, transecto,16.2107446,102.4839212
S58029S,cuadrante ,-25.9248045,28.0172665
S58912S,cuadrante ,34.16171,117.3247325
S59121A,cuadrante ,48.3756394,43.0842361
S59129D,cuadrante ,16.4311476,103.5083998
S59139, transecto,36.6478364,10.5915072
S5929, transecto,16.167313,99.950724
S60049S,cuadrante ,59.3961735,27.7619842
S6010XS, transecto,-7.3743397,110.2648159
S60149A, transecto,25.881342,116.00261
S60349A, transecto,-7.324188,110.509841
S60473D, transecto,-33.1519145,18.6642088
S60475S,cuadrante ,55.5939065,61.6171856
S60822,cuadrante ,47.2243648,1.7394788
S60948S,cuadrante ,35.5380685,139.5044784
S61119,cuadrante ,-3.0245897,115.9881867
S61201A, transecto,51.8417492,5.8715134
S61213A, transecto,49.0426,2.087826
S61226D, transecto,41.2973128,-8.0715693
S61312,cuadrante ,38.8066577,-9.1857991
S61322D, transecto,53.8191,27.5215
S61348D,cuadrante ,36.7144184,119.2029497
S61441A,cuadrante ,-7.6448547,108.1725154
S61511A,cuadrante ,21.7757592,106.9594723
S61529S,cuadrante ,43.10528,46.19045
S62002K,cuadrante ,-8.618134,122.1916328
S62023P, transecto,13.88263,121.555099
S62101G, transecto,-6.9828037,109.5568089
S62114,cuadrante ,49.2752229,1.207968
S62152A, transecto,48.081286,20.7644305
S62161B, transecto,17.9567646,-102.1943485
S62173B, transecto,13.1981877,-87.3785917
S62202D,cuadrante ,42.08435,47.6041857
S62246S,cuadrante ,55.2474741,24.7743055
S62305K, transecto,-3.3226005,119.8245506
S62312K,cuadrante ,21.2537742,105.4899167
S62313S,cuadrante ,-24.8380587,16.9801346
S62318K, transecto,34.746611,113.625328
S62320,cuadrante ,0.9996757,97.527432
S62320D, transecto,51.4090959,22.051777
S62334, transecto,-0.8183228,12.7250036
S62334P,cuadrante ,9.5403936,125.5240221
S62337A, transecto,56.0396207,14.1636617
S62350D, transecto,13.7643349,122.9760543
S62352D, transecto,49.5872019,6.1781675
S62356S, transecto,19.3461943,-99.1588734
S62358P,cuadrante ,33.4955028,49.0631743
S62359A, transecto,-7.1569,108.0375
S62391A,cuadrante ,17.361305,121.879282
S62397B,cuadrante ,41.3980906,-8.3089526
S62502G,cuadrante ,14.7953378,44.2905281
S62502P, transecto,-22.5383309,-44.0103922
S62509B, transecto,60.6815788,17.1350993
S62515D,cuadrante ,38.6002724,-9.0119332
S62522S,cuadrante ,35.3226984,136.5846498
S62524D,cuadrante ,46.160492,15.8724103
S6260, transecto,48.8255395,16.8482236
S62645D,cuadrante ,34.1009765,114.2138957
S62661B, transecto,-8.8047883,119.9624902
S62665S, transecto,59.927607,32.296821
S629, transecto,11.321347,122.619095
S63026S, transecto,55.4386676,12.9793725
S63093,cuadrante ,31.018498,109.463987
S63122D,cuadrante ,26.2650742,50.6223267
S63214,cuadrante ,-7.015,112.4842
S63254A, transecto,-7.0428799,113.8019562
S63265D, transecto,45.7967858,4.8427596
S63295A,cuadrante ,59.0572129,12.6642819
S63434S,cuadrante ,8.5914775,16.0757749
S63492D, transecto,38.6032329,-9.1057581
S63492S,cuadrante ,47.7520885,142.0615212
S63602A,cuadrante ,56.4987582,38.1830715
S63613, transecto,45.090227,16.0189989
S63694D, transecto,61.1251,29.8708001
S65112D,cuadrante ,-0.5256169,100.8790171
S6519, transecto,-28.8241753,17.256296
S65312,cuadrante ,-24.8472072,-56.3530514
S65312S,cuadrante ,46.516667,98.35
S65391A, transecto,-6.9318,111.2882
S65505A, transecto,59.2691081,17.8651957
S65591A, transecto,-18.4097245,-49.2162908
S6581, transecto,50.239411,30.5455655
S65811, transecto,56.4428126,59.129251
S65902D,cuadrante ,51.240387,20.3798933
S65912D, transecto,13.5115963,2.1253854
S65919S,cuadrante ,-9.6701,119.0511
S66300A,cuadrante ,49.6962064,12.5974678
S66322A,cuadrante ,-7.4977546,108.6351043
S66509, transecto,-7.6247732,110.2951364
S66526A,cuadrante ,51.6166409,82.575905
S66529D, transecto,40.4187499,20.5535753
S66922,cuadrante ,43.2769388,24.1479966
S68110A, transecto,58.567559,11.994926
S68618,cuadrante ,43.4794825,-79.6558242
S6991XD, transecto,22.830644,112.94593
S72023B,cuadrante ,45.7022525,9.6323203
S72026K, transecto,55.1065195,59.7112737
S72044D, transecto,58.695946,11.2533509
S72059, transecto,41.1943451,26.2992566
S72061, transecto,49.9481168,14.6774529
S72123G, transecto,59.2963732,18.068622
S72144A,cuadrante ,46.6202927,-64.386599
S7221XP, transecto,9.915551,-84.031286
S7226XH,cuadrante ,50.3406189,21.050137
S72323G,cuadrante ,32.890479,115.814504
S72324D,cuadrante ,32.5171226,130.6026459
S72399M, transecto,25.757,110.12549
S72412F, transecto,40.5315848,-7.9522138
S72434D, transecto,-0.9002915,119.8779987
S72442K,cuadrante ,49.7245218,16.8754183
S72443K,cuadrante ,41.57365,120.4493879
S72455F,cuadrante ,46.2194458,-71.7713791
S728X1F, transecto,39.086569,117.314323
S73032A, transecto,8.9908333,150.1227778
S73032S, transecto,11.9171458,-86.1471939
S73101S, transecto,-8.1347511,-39.734338
S75211,cuadrante ,11.1270398,39.6363314
S76111A,cuadrante ,-6.931773,113.600427
S76192A, transecto,49.116169,6.1807997
S76202, transecto,-6.864462,111.9390257
S76209D,cuadrante ,-6.9665934,112.2205183
S76211S,cuadrante ,-13.7973358,-171.8319995
S76322S, transecto,-7.0186412,107.8361732
S78121, transecto,40.1274545,63.4567092
S790,cuadrante ,53.4539951,26.4698363
S80242A, transecto,21.077764,102.5097274
S81011,cuadrante ,9.3136403,123.3036704
S81809S,cuadrante ,35.2571984,136.2423721
S82001A, transecto,47.2806309,39.7431061
S82031H, transecto,41.286107,-8.3802434
S82032, transecto,13.1956813,108.6877976
S82046C, transecto,38.5067706,-90.3766634
S82046M, transecto,9.4015239,80.3887117
S82113Q, transecto,-23.4429961,-46.9226576
S82142D, transecto,-3.7688094,37.7144645
S82223F,cuadrante ,38.7263653,-9.2359767
S82224K, transecto,-17.5969817,-44.7267221
S82225R,cuadrante ,7.8231145,6.0732146
S82236,cuadrante ,35.8325673,139.7424494
S82253A,cuadrante ,44.81,-93.92
S8239, transecto,24.301245,102.638296
S82433D, transecto,59.4281489,10.65544
S82435R,cuadrante ,40.657978,109.840313
S8253XP,cuadrante ,14.6101685,121.0088573
S8256XK,cuadrante ,-4.579855,-74.750168
S8261XQ,cuadrante ,32.654079,-5.9213829
S82839, transecto,29.176523,120.390932
S82853S, transecto,20.5800358,-75.2435307
S82856K, transecto,49.6297207,37.6810464
S82871F, transecto,48.8315157,84.606767
S82874K, transecto,40.5,90.5
S83142S, transecto,31.8810103,35.219546
S83232A,cuadrante ,51.400458,86.02293
S8332, transecto,25.728011,-80.2454223
S83401D,cuadrante ,-8.196,124.5015
S83429,cuadrante ,28.260189,117.069202
S85121,cuadrante ,22.5674949,58.6858709
S85412D,cuadrante ,48.99534,-123.8161
S85509D,cuadrante ,28.240101,99.303084
S86091,cuadrante ,23.110052,113.240664
S88121D,cuadrante ,-7.3519383,109.0809868
S89041P,cuadrante ,31.238854,121.331694
S8919,cuadrante ,-20.3720648,14.959329
S89321S, transecto,15.7700153,121.5561657
S90222,cuadrante ,-16.5039502,-68.219452
S90411D,cuadrante ,7.4804449,125.7515646
S9042,cuadrante ,-20.227929,57.741701
S90819S, transecto,-3.597311,30.5005605
S90934,cuadrante ,51.8071084,16.3164767
S91041D, transecto,-8.0934,111.9629
S91142A,cuadrante ,8.797145,-75.698571
S91143D,cuadrante ,31.2357377,121.5054068
S91212A,cuadrante ,50.1757487,27.0559924
S91245S, transecto,30.033679,119.971302
S91312, transecto,41.308715,-8.1332997
S91319A,cuadrante ,-6.721769,111.5021144
S92026G, transecto,-6.968354,112.475502
S92036G, transecto,28.3,88.53333
S92052S, transecto,37.9381943,126.5877948
S92062S, transecto,-3.3472662,120.3089541
S92065A, transecto,14.4437285,121.003315
S92066B,cuadrante ,40.8946241,-6.9635613
S92122, transecto,-34.6161437,-58.5238406
S92123B,cuadrante ,8.1180013,123.9864049
S92124P,cuadrante ,12.5350875,124.7907837
S92151K,cuadrante ,-34.7932249,-58.4103552
S92213A,cuadrante ,50.9249111,15.2294387
S92221A,cuadrante ,40.7,-111.94
S92236G,cuadrante ,47.31878,130.274684
S92254G,cuadrante ,41.6188726,-8.3575438
S9234, transecto,35.054002,103.133562
S92346K, transecto,41.4745288,-6.3647312
S92491D, transecto,-8.3993683,118.2702036
S92524G,cuadrante ,8.070619,22.3948737
S93102A, transecto,45.8235836,20.1844504
S93126A,cuadrante ,15.678696,104.1040204
S93526,cuadrante ,5.4852096,9.8627243
S9599,cuadrante ,36.285616,115.147814
S96029D,cuadrante ,49.6470903,18.1621577
S96111,cuadrante ,0.85526,99.564171
S96999D, transecto,-6.898384,111.885002
S98122, transecto,49.6226783,21.7697277
S98221D,cuadrante ,20.5476734,105.9347384
S99041, transecto,13.576473,105.9699878
S99112P,cuadrante ,49.3788944,14.7029806
S99122P, transecto,60.4872057,15.4102793
S99132P, transecto,50.2505714,19.7778549
S99132S,cuadrante ,46.857141,130.325723
S99212,cuadrante ,3.8458333,154.9416667
S9922, transecto,29.079175,119.64742
S99241A,cuadrante ,39.600532,116.032938
T1512,cuadrante ,5.1079431,8.1789301
T1580, transecto,-3.8553872,103.517665
T1582XA, transecto,41.1768699,61.402695
T17298A,cuadrante ,15.51667,-88.05
T18190A, transecto,-9.9061087,-63.0330263
T185XXA, transecto,39.4669358,-7.93596
T189XXD,cuadrante ,49.2165148,-122.6562872
T205,cuadrante ,48.7359203,22.4723243
T20619A, transecto,68.88333,33.01667
T20712S,cuadrante ,24.348365,105.759939
T2074XD,cuadrante ,48.9309635,17.3505089
T2105, transecto,50.9532135,28.6457544
T2142XS,cuadrante ,15.1689378,-7.2895663
T2150XD,cuadrante ,-7.3485439,112.7699403
T2151XS,cuadrante ,-21.0156896,-48.7794089
T2165XA, transecto,45.4648322,20.2087875
T22121D,cuadrante ,51.524571,32.5004914
T22122A, transecto,19.9059121,105.4771084
T22211S, transecto,13.151121,123.3047135
T22399D, transecto,55.9840531,37.1619979
T22411D,cuadrante ,53.385304,-6.3828795
T22432D, transecto,45.149066,43.4277535
T22459D,cuadrante ,59.3814076,17.9744029
T22631A, transecto,64.5180595,-21.8898511
T22759, transecto,-22.6091889,-47.4073665
T22791A,cuadrante ,7.4843888,124.9404982
T2322,cuadrante ,-34.6492768,-58.4809081
T2333, transecto,39.761892,116.420331
T23331, transecto,-7.7799,114.0783
T23442D, transecto,-2.615848,120.521698
T23479S,cuadrante ,19.6775122,-99.0329594
T23551S, transecto,59.853262,17.6356163
T2357,cuadrante ,41.0955895,19.6133429
T23572,cuadrante ,44.348809,133.9326833
T23662S,cuadrante ,52.7038839,55.8511258
T23699A, transecto,15.3091676,-61.3793554
T23732D,cuadrante ,13.5957,-89.8270894
T24091, transecto,20.5800358,-75.2435307
T24192, transecto,19.3508272,-81.2085052
T24321S, transecto,50.867559,22.0128609
T24331S,cuadrante ,7.5286908,1.1305049
T24392S, transecto,34.293171,108.946651
T24422A,cuadrante ,-34.6809602,-58.694037
T24422D,cuadrante ,2.7239834,101.9476452
T24429S,cuadrante ,-28.4425713,-65.7655162
T2460,cuadrante ,40.76191,-7.7532796
T24601S, transecto,-23.7169139,-46.8498038
T2472, transecto,44.395234,125.697103
T25329S,cuadrante ,60.4253612,16.5438565
T25391A,cuadrante ,43.6953508,7.2559678
T2652XA, transecto,13.0710293,123.4584998
T287XXA, transecto,44.0527811,6.1717148
T34519, transecto,-9.9097428,124.6248039
T34829S,cuadrante ,57.7051896,11.9006932
T361X5S,cuadrante ,14.5144041,121.0406718
T364X1S, transecto,-8.6450837,116.8085683
T368X1D, transecto,65.3436554,21.5024355
T368X5A,cuadrante ,45.8440218,16.8524058
T385X6A, transecto,56.4177803,21.8525134
T387X, transecto,-7.0138053,108.5700636
T402X6D, transecto,56.0467533,28.1582288
T404X1,cuadrante ,5.7204203,10.901604
T40605D,cuadrante ,35.8515197,136.1957329
T407X3S,cuadrante ,-8.9,34.583333
T4120, transecto,37.444498,114.498761
T422X1S,cuadrante ,-6.511,106.0243
T43626D, transecto,10.7464075,121.9386578
T43636, transecto,56.4191591,40.4536153
T43636S,cuadrante ,53.2265199,-6.9898366
T444X1D,cuadrante ,11.8859782,-86.054235
T44906A,cuadrante ,48.23821,23.5457018
T450X3A,cuadrante ,27.7537155,68.4470397
T453X1D, transecto,35.1855659,33.3822764
T454X4, transecto,13.2409168,123.6050105
T457X2A,cuadrante ,51.40698,91.29244
T464X6A, transecto,22.3577742,103.2493721
T465X5A,cuadrante ,49.5458457,19.0802389
T473X1D, transecto,53.7942932,-8.7683674
T474X4D, transecto,14.08181,-85.994003
T477X5A, transecto,23.02299,113.1039
T478X2S, transecto,-33.8688197,151.2092955
T478X3A,cuadrante ,4.4796434,-75.5975296
T483X5A, transecto,-22.8590499,-43.4056016
T484X4S,cuadrante ,-0.3915604,102.2862694
T486X2A, transecto,49.4250351,16.5911908
T48991S, transecto,14.98808,43.54444
T490X6A,cuadrante ,4.6839135,46.6198608
T498X5D,cuadrante ,-7.765512,112.197899
T505, transecto,45.9589716,16.3852937
T50Z91D,cuadrante ,-12.3231349,49.2942833
T521X1S,cuadrante ,8.8232057,-69.9982093
T5394, transecto,42.2827426,-83.1488186
T5494XS,cuadrante ,49.7055805,18.2243639
T571X1D, transecto,30.79438,115.087221
T5811XD,cuadrante ,42.6503176,77.0852258
T5813XS,cuadrante ,52.85768,14.39293
T582X1,cuadrante ,56.1085807,44.4955531
T594X, transecto,-37.1534439,-56.8913573
T59892S, transecto,-29.4933611,-63.6964035
T5994,cuadrante ,59.8053589,17.682881
T602X2, transecto,50.4322664,13.0716999
T622X3,cuadrante ,33.75,-84.39
T63112,cuadrante ,47.1860699,33.7785346
T63122A, transecto,-10.2735517,-36.5536172
T63303,cuadrante ,-30.2196952,-51.0985192
T63431A,cuadrante ,3.01228,-76.484533
T63444A, transecto,57.7190929,14.1817062
T650, transecto,2.9623057,99.0652871
T654X4A,cuadrante ,26.422277,112.859759
T65823, transecto,24.466675,112.626495
T6589, transecto,-41.2895103,174.0057137
T69012,cuadrante ,10.9574128,106.8426871
T71113A, transecto,35.0160783,40.44654
T71193D, transecto,55.3029762,53.1960521
T730XXS, transecto,62.5898079,50.8599404
T732XXD, transecto,31.4627186,-7.6080892
T7509XS,cuadrante ,43.0717734,46.8488828
T80419D, transecto,43.7367435,16.9849984
T8061XD,cuadrante ,41.7467513,125.4067749
T8090XS,cuadrante ,33.437877,113.609286
T81531, transecto,32.903454,-117.2195678
T8189, transecto,7.9300961,98.3417006
T8201XD, transecto,-1.9023377,11.9062829
T82111S,cuadrante ,31.364902,108.249509
T82221A, transecto,16.1169002,102.7020218
T82322D,cuadrante ,48.8109783,25.431687
T82331A,cuadrante ,41.777702,84.252156
T82521A, transecto,7.9301365,1.9710284
T83020S, transecto,13.5722578,-15.6002024
T83723A,cuadrante ,-7.5045992,112.542328
T8386XA,cuadrante ,-6.931773,113.600427
T839,cuadrante ,-33.8688197,151.2092955
T84051,cuadrante ,25.521039,112.309325
T84059, transecto,30.6795086,30.9427433
T84092A, transecto,-0.0917016,34.7679568
T84629D, transecto,40.8727365,-8.4664515
T849XXS, transecto,54.4265348,18.4025756
T8501XS, transecto,-8.504043,117.428497
T85111D,cuadrante ,-6.9301649,108.7987084
T85112,cuadrante ,13.6602604,-87.5334038
T85618A,cuadrante ,43.7543283,-79.4422593
T85621D, transecto,31.8694268,36.0064582
T85818S,cuadrante ,33.9899791,132.1078523
V00838D,cuadrante ,41.1667893,-8.6815733
V0419,cuadrante ,42.7981285,1.5693759
V181XXS, transecto,23.7173024,-99.185752
V1920XD, transecto,-7.3808411,112.7554346
V245XXD, transecto,41.1112427,-7.2005033
V255XXA,cuadrante ,22.974898,113.993115
V259XXS, transecto,49.7743548,13.8407248
V270XXA,cuadrante ,-34.3048508,-58.7739249
V285XXA,cuadrante ,-14.4760253,-70.6365505
V2909XS, transecto,43.1095503,-88.0411993
V305XXA,cuadrante ,-34.5869807,-58.5484437
V313, transecto,23.810332,90.4125181
V316XXS, transecto,14.3958755,121.0191099
V339XXS, transecto,41.131691,119.7263123
V385XXA, transecto,-21.8421051,-47.4710798
V404, transecto,62.5854497,29.767082
V4352,cuadrante ,-14.7918149,-39.284293
V489XXD, transecto,40.7132136,-74.2120629
V550XXS, transecto,45.0804254,14.0845863
V622XXS, transecto,56.2744592,44.0325148
V630XXD,cuadrante ,-4.269928,138.0803529
V646XXD, transecto,31.491169,120.31191
V715XXA, transecto,51.8253953,20.8092134
V742XXA, transecto,29.131627,89.498216
V755XXA,cuadrante ,31.385952,120.936058
V759XXD,cuadrante ,45.2011955,21.0119834
V8182XS,cuadrante ,-5.6935288,105.5826123
V8189XA,cuadrante ,10.8780876,122.981075
V819XXA,cuadrante ,51.290778,85.6677519
V855XXS, transecto,42.1132871,-8.2574904
V9011, transecto,43.4945737,5.8978018
V9028XD, transecto,44.6441061,40.1981432
V9033XA, transecto,31.874138,103.573122
V9189XA, transecto,29.103856,110.451191
V9221XA, transecto,69.4326713,30.8274819
V9229XS,cuadrante ,46.278448,123.854016
V9331XS, transecto,52.3608501,22.6229733
V9340XD,cuadrante ,21.0033744,-89.6409417
V961,cuadrante ,54.2282755,39.0206243
V9613,cuadrante ,-5.2450244,14.8571368
V968XXS,cuadrante ,22.585397,113.38492
V9789XD, transecto,36.7534267,139.2308293
W16821,cuadrante ,1.019089,35.0023048
W21221A,cuadrante ,44.275895,123.9674831
W228, transecto,60.2267401,20.3244146
W298XXS, transecto,49.6163992,19.3518952
W321, transecto,47.5619629,-0.9147447
W3309XA, transecto,9.939624,126.065213
W3309XD,cuadrante ,56.42,53.767778
W3312XS, transecto,-7.6387228,111.0460407
W369XXD,cuadrante ,51.5116933,-0.0829051
W38XXXA, transecto,40.954617,-8.481788
W499, transecto,42.7282811,-84.5511177
W5321XS,cuadrante ,46.9962539,28.8716267
W548XXA, transecto,22.543096,114.057865
W5539XS, transecto,36.1296961,-79.8567326
W5641XA, transecto,53.776647,-7.5011999
W6142XS, transecto,6.176967,-75.341462
W890XXS,cuadrante ,41.654661,126.154678
W901XXS,cuadrante ,13.9567165,122.6045837
W9412, transecto,10.890338,122.6900188
X01,cuadrante ,25.822349,107.322323
X014XXS,cuadrante ,34.6914551,112.4962138
X372XXD,cuadrante ,26.641774,118.17771
X379, transecto,6.7885037,124.8730516
Y35002D,cuadrante ,30.1926637,35.7249409
Y35042, transecto,53.9323017,25.7774859
Y35043A, transecto,4.7922388,8.5295341
Y35102A,cuadrante ,-7.2599544,112.7554346
Y352,cuadrante ,48.8295482,107.0468263
Y35203D,cuadrante ,40.5420665,-7.8993756
Y36121S, transecto,47.4778423,16.1089064
Y3614, transecto,50.0072402,18.4458999
Y36190D, transecto,10.35,124.8
Y3625,cuadrante ,14.4390514,102.7190771
Y36261D, transecto,39.8843177,-8.1035981
Y37101S,cuadrante ,-12.95689,-74.023193
Y37131A,cuadrante ,30.89205,121.770149
Y37141D,cuadrante ,34.705306,108.438067
Y37201S, transecto,-23.8431563,-47.7243139
Y376X0D,cuadrante ,48.9097908,2.7104352
Y384X1A,cuadrante ,36.628305,101.765843
Y3880,cuadrante ,15.3749395,-86.6850292
Y84,cuadrante ,33.8781886,-117.5731991
Y92, transecto,26.064704,119.169116
Y9351, transecto,38.2537363,48.2999901
Y9381, transecto,51.5542766,32.6130851
Y95, transecto,-6.9140922,112.4202058
Z005,cuadrante ,43.4945737,5.8978018
Z1385, transecto,59.186002,17.4530287
Z1881,cuadrante ,42.7723725,23.3143163
Z202, transecto,46.6693059,5.5466073
Z291,cuadrante ,38.7637108,-9.327504
Z3183, transecto,31.074834,109.879153
Z596, transecto,-7.1697343,108.8343538
Z6825, transecto,32.3569577,119.3587638
Z718,cuadrante ,5.5050681,-54.0793451
Z7189, transecto,-10.4571094,-77.3270581
Z7722, transecto,56.136002,111.722923
Z836, transecto,30.145729,120.589457
Z877, transecto,24.63827,118.285336
Z87820,cuadrante ,41.3486394,19.8345726
Z8922, transecto,3.8149378,97.2005806
Z89229,cuadrante ,36.284107,100.620031
