padre,idHijo,fNac,nombre
1,1,2021-11-17,Golda
2,2,2020-07-06,Jyoti
3,3,2019-09-16,Duane
4,4,2019-12-25,Colet
5,5,2021-11-04,Pierrette
6,6,2020-04-09,Estele
7,7,2021-12-16,Aurthur
8,8,2020-04-21,Chrystel
9,9,2019-07-25,Teodora
10,10,2021-06-21,Constanta
11,11,2020-12-15,Desiree
12,12,2019-07-29,Gae
13,13,2020-02-25,Brittni
14,14,2021-10-23,Gage
15,15,2021-08-22,Kristin
16,16,2021-08-23,Erda
17,17,2020-08-29,Inessa
18,18,2019-10-18,Tobiah
19,19,2019-08-16,Davon
20,20,2020-10-27,Paolina
21,21,2019-06-02,George
22,22,2019-12-24,Giulia
23,23,2021-10-01,Marian
24,24,2020-08-31,Moe
25,25,2020-11-04,Georgeanna
